歌手名字,歌手ID
华晨宇,861777
隔壁老樊,12429072
林俊杰,3684
薛之谦,5781
阿冗,30116848
毛不易,12138269
陈奕迅,2116
周深,1030001
李荣浩,4292
许嵩,5771
徐秉龙,1197168
颜人中,31376161
沈以诚,12002248
千里狗,12538467
解忧邵帅,29392693
汪苏泷,5538
林宥嘉,3685
王巨星,32399227
要不要买菜,33435854
陈阳,28602303
Lil Ghost小鬼,12493781
小乐哥,34035556
张学友,6460
王恩信Est,12904290
张杰,6472
柏松,31876221
en,32220939
永彬Ryan.B,12448205
杨宗纬,6066
枯木逢春,30284835
尚士达,13608761
王泽科,12091048
cv初恋,33191836
接个吻，开一枪,12085016
是你的垚,34301293
焦迈奇,12084229
Lambert,31668975
郭顶,2843
抖音热歌DJ,33211729
张国荣,6457
CMJ,12157336
新旭,12205044
王嘉尔,1083118
小咪,30616479
Jony J,784257
赵雷,6731
小头菜,34304060
徐良,5929
王力宏,5346
葛东琪,12136078
王小帅,29069586
Ice Paper,12121264
段弋,30285100
BigYear大年,12227290
Todd Li,12268138
福克斯,1199064
张敬轩,6462
安筱冷,28387245
周杰伦,6452
Zic子晨,13447522
李代沫,4393
向文涛,31760809
尤长靖,13058503
徐梦圆,1142042
朴树,4721
李克勤,3699
周兴哲,980025
萧敬腾,5768
浪子康,12570153
张震岳,6453
虎二,12286700
皮卡丘多多,33059168
刘德华,3691
马良,13609637
Memtimin-Matrozi,32438340
Ayo97,12287118
张紫豪,13906123
陈鸿宇,1058228
阿'Quan,31093298
许巍,5770
奇然,4873
谭咏麟,5205
摩登兄弟刘宇宁,1094010
Shang,1132749
Lil Yo,33534862
法老,865007
Swang多雷,12276665
阿虾,31093891
潘玮柏,4723
逆时针向,12128251
周华健,6456
吕口口,28304831
吉野千夜,13449630
易烊千玺,939088
G2er,12027122
伍佰,5354
Seto,30950035
刘聪KEY.L,12788674
肖战,13972109
姜鹏Calm,13793914
歌手名字,歌手ID
G.E.M.邓紫棋,7763
王贰浪,14312549
任然,9255
司南,28863695
花粥,8103
等什么君,30285885
陈壹千,12077204
黄诗扶,12308369
NINEONE#,12276375
双笙,12025552
陈粒,1007170
蔡健雅,7214
杨千嬅,10204
杨胖雨,31051426
蜡笔小心,1155027
二胖u,12923493
张叶蕾,12213291
徐佳莹,9940
王菲,9621
你的二智bb,32674400
田馥甄,9548
买辣椒也用券,12085562
莫文蔚,8926
火羊瞌睡了,34522800
程佳佳,31802946
周思涵,12292708
傅如乔,34613873
AY楊佬叁,12258420
孙燕姿,9272
棉子,12444171
温岚,9612
坠,34307064
陈雪凝,12382970
袁娅维,10473
银临,188565
高鱼,32829923
赵方婧,12023202
金玟岐,893259
A-Lin,7063
Superluckyqi,30700959
石白其,28175491
妖姬,30109622
薛明媛,12408182
凯瑟喵,12003038
封茗囧菌,12172529
十豆彡,32750845
洛天依,906118
锦零,12277185
张碧晨,1024308
王胜娚,9808
Uu,32208979
刘柏辛Lexie,1124151
萨顶顶,9270
王梓钰,12048239
徐海俏,12037181
于梓贝,30914421
蔡依林,7219
丁芙妮,12206844
周笔畅,10558
AGA,768208
曾轶可,10750
刘若英,8326
于果,12262303
蓝心羽,30207301
丫蛋蛋,29999237
刘瑞琦,840134
梁静茹,8325
林忆莲,8336
Aki阿杰,188558
陈慧娴,7225
三无MarBlue,1056002
戴羽彤,12867228
谢春花,1039895
王心凌,9606
不才,961358
一玟,33927570
邹玲儿(LIMY),13009414
糯米Nomi,32042995
很美味,12358435
耳朵玥,32747902
Jam,1071031
张惠妹,10559
谢安琪,9952
曲肖冰,12419710
卫兰,9605
程响,7424
阿肆,7122
芝麻Mochi,12195788
曲婉婷,9178
邓丽君,7570
许飞,9941
于潼,30476029
黄霄雲,14077324
小天才鸭,31721486
小时姑娘,12079173
苏晗,32725601
郁可唯,10200
阮言Ruany,13286226
VaVa毛衍七,1038099
杨丞琳,10199
歌手名字,歌手ID
音阙诗听,12174521
群星,122455
房东的猫,1050282
Beyond,11127
八三夭,11109
国风堂,31862479
Higher Brothers,12002201
宝宝巴士,14714082
恋恋故人难,32041318
S.H.E,12709
南征北战NZBZ,189873
苏打绿,12707
五月天,13193
Fine乐团,1160085
伍佰 & China Blue,222871
初相见,12287900
逃跑计划,12977
落日飞车,11074
88rising,15022053
By2,11097
朋友请听好,34435690
好妹妹,711683
鹿先森乐队,1195028
茄子蛋,1039873
新乐尘符,12503194
洛少爷,12060031
昼夜,12052034
旅行团,12111
牛奶咖啡,12437
C-BLOCK,11257
英雄联盟,1047337
F.I.R.,11562
红人馆,12320562
不靠谱组合,12296026
声入人心男团 Super Vocal,33630350
RAiNBOW计划,1047139
Gifty,14017398
GALA,11679
棱镜,1085047
南拳妈妈,12438
安全着陆,12204436
动力火车,11363
饭碗的彼岸,1138028
痛仰乐队,12971
LJY,1211039
千坂,12138261
邱有句,12079231
橙光音乐,12063096
Gosh Music,12072073
宝楽CNBALLER,12191014
王尔康,12065135
满汉全席,1161201
小石头和孩子们,1145026
飞轮海,11561
羽·泉,13418
浙音4811（一个大金意）,30380203
MushrooM（蘑菇兄弟）,12459208
草蜢,11265
信乐团,13283
快乐男孩Joy Fresh,13790589
老王乐队,12676071
阿里郎,11015
万能青年旅店,13223
直火帮 Straight Fire Gang,12003155
小旭音乐,900347
青鸟飞鱼,12604
dance flow,11437
RT,12327097
至上励合,13584
橘子海 (Orange Ocean),1184074
丢火车,11370
安子与九妹,12002183
告五人,12676697
塞壬唱片-MSR,32540734
ANU,12074125
活死人,12200652
盘尼西林,900021
小蓓蕾组合,166005
Soler,12721
221小伙伴,30892270
Saiakoup,12083147
situasian张太郎,1153005
展展与罗罗,12475735
花儿乐队,11761
时光胶囊,855599
404 RAPPER,30003804
CLARE,12077115
夏日入侵企画,12383009
Christmas,11322
爱星人,1050216
匠音夫妇,34281312
Round_2,12127507
霹雳布袋戏,12639
JandZ,33772280
筷子兄弟,12081
鸾音社,30616219
Mr.,12266
HOYO-MiX,12487174
一棵小葱,12128298
JS,11952
歌手名字,歌手ID
Alan Walker,1045123
XXXTENTACION,12107961
Justin Bieber,35531
Charlie Puth,90331
Troye Sivan,45129
Martin Garrix,780003
Shawn Mendes,956238
Lauv,1057226
Eminem,32665
ILLENIUM,1050518
YNW Melly,13672034
Zedd,46376
Avicii,45236
Marshmello,1060019
Digital Farm Animals,840929
9lokknine,32444358
Ed Sheeran,33184
R3hab,197248
Bruno Mars,178059
Tanir,12533932
Calvin Harris,29968
Drake,53283
SoMo,892040
Lost Frequencies,1039114
Wiz Khalifa,46006
keshi,12544511
Russ,241588
Rich Brian,12024301
Shiloh Dynasty,12647577
lil sophy,12335367
Tobu,964486
Post Malone,1057092
Jeremy Zucker,12096183
Jonas Blue,1192069
TheFatRat,1019952
ThimLife,1046016
Kurt Hugo Schneider,37962
Alec Benjamin,1028104
Mr. Polska,1161187
Young Thug,287014
The Weeknd,185858
Ember Island,1100001
bbno$,12054171
Jon Bellion,860113
Khalid,301757
David Guetta,31211
英语听力,861973
Aaron Smith,145965
Luh Kel,31508096
Jake Miller,776761
Sam Tsui,43722
DJ Blyatman,31586577
Timmy Trumpet,858362
sapientdream,13011210
will.i.am,45838
Lil Wayne,38118
Olly Murs,41034
Max Oazo,13159084
DJ Snake,296416
Janieck,12132070
Tony Igy,990184
Lucky Luke,487609
MKJ,469200
Future,33794
White Cherry,28390245
Conor Maynard,29020
Dirty Palm,1155029
Mike Williams,302020
TRA$H,12544560
James Blunt,35329
Martin Jensen,1060055
Lil Nas X,31646483
Pegato,1115041
Demxntia,12598596
AnDyWuMUSICLAND,11998011
Michael Jackson,38853
Conor Ross,13128139
Kygo,844410
Tyga,45033
Joel Adams,1188100
Austin Mahone,29121
Deorro,366358
Travis Scott,737012
Daddy Yankee,31297
Reynard Silva,42608
Justin Timberlake,35331
Krono,438424
gnash,1137226
ROOK1E,12175279
ZAYN,1108049
Danny Avila,471420
Flo Rida,56783
Blaze U,12097142
Steve Aoki,43608
Tim Legend,12006158
Toby Fox,1193377
Meduza,136629
Gavin Degraw,33856
Feder,1046466
Sub Urban,29722383
歌手名字,歌手ID
Billie Eilish,11972054
Taylor Swift,44266
Sasha Sloan,12646102
Selena Gomez,140196
Sia,74625
MADILYN,69270
Rihanna,72724
Nevve,12567101
Halsey,964321
Camila Cabello,12136039
Cozi Zuehlsdorff,1097153
Meron Ryan,1181020
Noah Cyrus,12175271
Ariana Grande,48161
Katie Sky,64076
Kina,12826481
Lana Del Rey,66212
Lady Gaga,64147
Kesha,63901
Ava Max,14486166
Carly Rae Jepsen,50934
Ellie Goulding,56598
Nicki Minaj,70183
Kelly Clarkson,62885
Zella Day,900106
Adele,46487
Iselin Solheim,1078390
Raye,1077053
Bea Miller,908180
Dua Lipa,1135086
Skylar Grey,74801
Avril Lavigne,46490
Phoebe Ryan,854363
Doja Cat,911131
Aura Dione,46546
Allie X,973030
Lenka,64143
SHY Martin,12354062
Delacey,489045
Fleurie,860929
Tones and I,32152093
P!nk,70821
Alessia Cara,1074089
Bebe Rexha,336466
Katy Perry,62888
vietra,12468266
Zara Larsson,816461
Lindsey Stirling,66225
Laura Brehm,207693
Rachel Platten,74518
Charli XCX,53092
Kim Taylor,63943
Stephanie Poetri,32624368
Beyoncé,48436
Antoine Chambe,1177057
Jessie J,62662
Miley Cyrus,66361
Demi Lovato,53236
Monogem,1078007
Lola Coca,12040030
Bo Bruce,50877
Bishop Briggs,198937
IVIE,12154348
Colbie Caillat,50890
Russian Red,72726
Charlotte Lawrence,12335330
Shiloh,77283
Ingrid Michaelson,60351
Mariah Carey,66355
NIKI,473353
Danelle Sandoval,12583018
Britney Spears,48432
Emma Sameth,12131319
Cecile Corbel,51012
Bülow,12809019
Bianca,50563
Becky Hill,391079
Au/Ra,12143031
MØ,783150
Veela,193221
Anne-Marie,1102181
Christina Perri,52979
Noonie Bao,70298
Clairity,1060082
Joanna Jones,13932656
Celine Dion,50893
Jocelyn Pook,61082
Cardi B,12504253
Cartoon,51293
Gjan,851014
VÉRITÉ,963498
Kehlani,1060155
Tinashe,45221
Beatrich,12322300
Alice Merton,12202371
Sofia Reyes,999195
Clairo,12191215
Iggy Azalea,60906
Anjulie,46502
Alex Hope,12213103
歌手名字,歌手ID
Vicetone,747030
The Chainsmokers,893484
Imagine Dragons,94779
Coldplay,89365
OneRepublic,98105
Maroon 5,96266
Various Artists,104700
Fall Out Boy,56782
Two Steps From Hell,102714
Hawk Nelson,34518
The Score,212904
BEAUZ,12131436
Broiler,886022
Westlife,45839
Feint,93062
Cash Cash,50905
Owl City,40859
Boyce Avenue,29709
Linkin Park,95439
Anthem Lights,86862
Russian Village Boys,13618375
The Script,102028
Approaching Nirvana,86884
Against the Current,783418
One Direction,98351
Queen,41906
Little Mix,96072
Loud Luxury,12096064
Transviolet,1122080
Gamper & Dadoni,1085102
Hella,59616
Clean Bandit,754010
Mako,68192
The xx,102035
Dimitri Vegas & Like Mike,791298
5 Seconds of Summer,893624
Cheat Codes,1078252
Audiomachine,87066
Krewella,208915
Goodboys,31385169
Rauf & Faik,28276929
Oh Wonder,1050128
Nightwish,97516
X-Ray Dog,105618
SAFIA,986155
The Glitch Mob,102954
Walk off the Earth,105493
W&W,46131
The Cab,44403
Deep Side,55350
Sexion d'Assaut,101352
Young Rising Sons,947185
The Word Alive,213073
Campsite Dream,1146068
Ashes Remain,87231
Hearts & Colors,12399051
Black Eyed Peas,88146
Carpenters,89363
VINAI,804422
Backstreet Boys,88148
Bahari,1044218
Far East Movement,92526
Far Out,824107
LANY,999460
Us The Duo,1049685
Lovestoned,95748
Why Mona,15008055
Matisse & Sadko,947054
ItaloBrothers,94730
Sleepy Times,1182258
Tungevaag & Raaban,1090022
Asketa & Natan Chaim,32523005
Blue,88145
Loote,12408152
Fitz and The Tantrums,92830
Dirty Rush & Gregor Es,12097106
Passenger,70840
Sunstroke Project,1049232
Dan + Shay,865061
twenty one pilots,784190
Migos,776824
Major Lazer,96309
Else,1181848
Daft Punk,90513
Capo Productions,90097
Grey,58424
Secret Garden,99988
The Downtown Fiction,103121
Diddy-Dirty Money,91126
Showtek,100696
CAS,12023319
Fifth Harmony,794152
Push Baby,840899
Eagles,91725
AJR,88089
Louis The Child,1124134
Why Don't We,12468277
LSD,575566
BROODS,839948
Fly Project,92933
歌手名字,歌手ID
α·Pav,4716
Gany,30709091
AniFace,12259037
PonySoore,1053121
мавлан музыка,12606574
Miradiljan-Bawudun,13450978
GRABOTE,30476593
aEZi,12227540
Hoaprox,1177234
GneHHHc,31516809
Namunong,12127409
明洋,30381505
Bad Style,1047263
Bilal Enwer,1039011
Lopu$,12027465
Taxmamat-Batur,33752067
Askar Muhtar,33859953
四季音色,12028059
Sanubar Tursun,13192142
Farrux Xamrayev,12282707
Mewlan Memtimin 买吾兰,12037170
Ghulamjan Yakup,33912265
YUKIri,12216068
Xakir Rehimjan,34147024
Shohrux,12171067
牛奶味夹心阿尔卑斯,12085539
Arijit Singh,956454
JIEBOSS,12396254
Abdugeni-Turdi,14585902
GEZR,30602367
Adiljan Mamitimin,12083816
Hoxur-Kari,34291291
蓝云木,12277201
昙轩,13148274
Mr.mo,12092465
remix,12316095
Anti-General,1007061
Uzmir,29999887
买买吐逊,34519287
白百依,1213020
TangTian,33989687
艾尔肯,12226106
SimorE,1203059
ismail-yk,1049007
SlimV,12309121
Sarvar va Komil,12095021
emoshinobi,12395082
鲸鱼马戏团,1026039
迪玛希Dimash,12274208
Alisher Zokirov,12250281
Ablikim·Enwar,12226931
Xomu,12903205
Arman Xukrat,12465294
LANLIU,33998291
SheldonLeeee,13790012
Kaysar,13109300
罗布桑珠,12570941
阿力木江·托合提,1058073
Boy Sompob,1132410
Ivan Torrent,816336
Hikmet Qasim,34436701
Rocky-Sadirdin,12118620
ChenDjoy,1143054
Nutul,12184546
Egco蔡唯真,31655683
AVALON,12228495
Sir小凯,31573905
1n,12085208
Ablet ablikim 阿布来提阿布力克木,33037763
张小她,12193962
Pritam,956243
Yvonne,27695743
DarkSpirit,12528208
Sardor Rahimxon,12931679
Mattohti Sattar,34522348
Halida-Imam,33999211
Miri Yusif,1120117
Muratjan Muhter,12205176
Djjanim,30708188
Ebrayim Enwer,12293164
Erpan Abduwali,34436832
douer_lucky,14585825
Masque_Jupiter,12336331
BobbyER,12548179
SaMZIng,1203033
sagun,12675217
iw ix,3441
涼太RyoT,33046677
海瓦斯Hawvas,30000828
Bojalar Guruhi,1181290
Eliyar Hudabardi,1061020
Mix-01,30001519
Deniz Koyu,201960
张彵凡,12146177
Aosaki,189605
Max Jenmana,1040017
PARIS,32938431
Abduhalik-Turghun,34031680
Mamatali-Molla,31315411
Canyon City,12474881
歌手名字,歌手ID
Shirfine,189603
茜拉,275494
Uyghu-Music,12967596
音浪,1039375
Shafaet Osman,12851125
GulgineMollaemet,12194330
Sevinch Mo'minova,12200929
Sainkho Namtchylak,106570
Kurbannisa-Barat,30382011
Alka Yagnik,106399
Saniyam Ismail,12874411
Lata Mangeshkar,106489
Yuna,106626
Veronica,106614
Siti Badriah,12710805
Fargana-Alim,34054319
梓零,32543115
DU丢丢丢,12281458
汪川,12272944
SPLASH BEATS,34368318
Csaprs,32607401
Lola,1193539
zulhumar zeper,30796397
Nuzur Zeli,12091148
Yvon,12286524
Isyana Sarasvati,1177004
猫叶叶,14608399
Gulsanam Mamazoitova,12974012
Baturjan Gittar,12332137
Dilso'z,12935099
小波蒂,12184692
Truong Quynh Anh,106601
Ten Nararak,106600
Meghna Mishra,12902072
水玥兒,12255040
Terrorjam,13288223
南有乔木,12662666
王书怡,28292080
SudiyeAy Mexmut,12204228
MY老鱼,12867203
Manzura,12930100
樹莓蛋奶酥,12183274
Nyaameow,12473511
木有mo,34467814
Palmy,72539
Nan Vatiya,11971047
Praewa Nichaphat,29811710
Nathalie Saba,11991063
逗子,12183661
Toey Jarinporn,106605
绾绾Akari,12027555
Tata Young,18167
三 角 測 距,12320883
Arabic,31837415
Akii,30127142
Ozoda Nursaidova,12974158
Lydia Sarunrat,106470
Pazliya Amat,34208324
Zhenya Lubich,12008148
Carmen卡萌酱,32833962
AK1<万岁>,13795175
Panadda Ruangwut,72578
Gypso Ariigantha,1192179
Dilara Abduxukur,34093464
Asha Bhosle,106414
伊帕尔古丽,1064029
Jeab Wattana,106452
Wonderframe,12927016
ChianoSky,955063
Suchitra,1111014
才姆措,12632451
张塔拉Tara,27865536
elenaanele,14072127
Aleyna Tilki,12566123
Chi Pu,12948040
Claudia Barretto,12719033
L Y V E T,34150014
Phyu Phyu Kyaw Thein,31079535
Cantika Abigail,12278992
Namfon Indee,31468442
Laura Mam,31469280
Sol Ciel,12273001
北檀,12204552
Elissa,56589
Lula,106479
Earth Patravee,1132774
水曜日,189941
Da Endorphine,106421
Brezz,30000972
蜡笔没了小新,34537273
Frioniel,30000620
IW_Spinel,12520763
Öxacillis,34601855
Ice Preechaya,1193231
Mook Worranit,1085015
BOWKYLION,12312115
cattzįm,12277696
LizzI,12205751
Rainych,34792117
Guzalnur-Kasim,34402942
歌手名字,歌手ID
Scrubb,203857
Do Shit,12139012
Benom guruhi,12505929
抛,12051100
Dervishi,106727
Джаро & Ханза,13486033
4oot,12259787
Getsunova,905156
Cheetah Mobile Games,12276318
Spaceport Records,32971452
新疆Kelkvn说唱团体,12568487
ForceZL,1184013
Lipta,904054
ShahMat,12924615
夜の律,13537449
Jatin-Lalit,106801
九宝乐队,106805
bauzular,30130033
Yillar guruhi,12935103
ZebraZebra,13683852
TEMPT,12202425
HAKAN,12955345
Hurd,106780
Amanecer Ecuador,106647
Lazyloxy,30119010
Bill & Brod,13021939
eigenTunes亦听,1207047
Budapest Festival Orchestra,106682
林如韵,12600335
MEAN,12387031
Nadeem & Shravan,452098
Gym and Swim,956172
FREE FLOW FLAVA ,1186015
CoreKidZ,13609222
LOWFAT,14099386
Klear,95427
Elecrystal Sound Team,12288929
AMTwo,12642917
Off-Gun,31814508
Potato,72492
The Hu,30615613
H.M.Funk Music,12291554
2088Official,31434921
AltaiKAI,106630
ORDA,12000034
LOSO,12975122
NINE BY NINE,30586942
New & Jiew,106863
Weed,12071037
Мельница,818191
Bodyslam,88356
The Messy梅西合唱团,12967340
Gigi,93337
Huun-Huur-Tu,106782
Yes'sir Days,11971079
Vatican音乐公会,12897103
Sleepmakeswaves,100022
Paradox,1191079
Natural Garden,711197
WhatChaRaWaLee,12312225
The Bottom Blues,103498
25hours,106998
孤凌单行,32465525
SBFIVE,13014079
Kissboys TH,32969750
温柔乡,30597591
Labanoon,11991056
Krist-Singto,14098156
August Band,106634
Cutie*,1142003
Mindset,12143053
Crystal Lake,1161044
THE OLD ISE,13014078
Cocktail,1146056
TATAR,106929
野狼乐队,12359215
Room 39,12170117
Budokan,106688
Three Man Down,12838890
SHIRAQ,13701254
普天堡电子乐团,32124859
巅藏说唱团,12119141
Inspirative,106790
Big Ass,88819
Anima,85667
Yiltiz,1064094
Namgar,106855
Dvar,106722
Pause,12231140
SkyLights,1143051
Part Time Musicians,12219123
Zaza,12977204
Singular,100101
MelodyGarden,12172468
Husan,12111066
SIH SHANDIIN HOOLAI,12200872
Khalid,510446
BNK48,12264173
Khusugtun,1028050
Brook,32877265
歌手名字,歌手ID
米津玄師,159300
久石譲,14408
高梨康治,15639
まふまふ,896913
澤野弘之,15290
Sou,1193225
清水準一,13642023
菅野祐悟,14472
DAISHI DANCE,13953
神山羊,12323265
雅-MIYAVI-,14732
TK from 凛として時雨,159644
坂本龍一,15289
Yunomi,1025016
和田光司,15800
宗次郎,14960
菅田将暉,12334348
ぼくのりりっくのぼうよみ,1193435
川井憲次,14437
いすぼくろ,12006116
横山克,15917
増田俊郎,14762
ハセガワダイスケ,1025284
4円,782024
大野克夫,15105
DECO*27,14001
mpi,12475614
佐橋俊彦,15291
神前暁,14629
矢野立美,15948
植地雅哉,15789
hideyuki hashimoto,14305
岸部眞明,14429
玉置浩二,15558
和田薫,15824
a_hisa,13908
鏡音レン,190527
ギガP,804355
宮崎歩,829001
野田洋次郎,12551023
吉森信,15855
そらる,15513
折戸伸治,15102
DJ Okawari,13950
Otokaze,15164
岩崎琢,14056
小瀬村晶,13773
出羽良彰,855541
天門,15599
光宗信吉,14775
Coda(小田和奏),1015563
秦基博,14153
kobasolo,12602415
徳永英明,13961
ゆう十,15947
ウォルピスカーター,1135024
JAY'ED,14410
押尾コータロー,15081
Ken Arai,14695
Linked Horizon,15258
浜口史郎,14220
祖堅正慶,824090
n-buna,981185
黒うさP,14610
足首,12023217
wowaka,15823
Neru,546614
illion,711232
宮野真守,161902
姫神,14400
芳賀敬太,12251253
すぃ,12108042
やまだ豊,896309
削除,12073277
MARETU,12011147
Mabanua,14748
百石元,14267
Eve,1075075
橋本仁,906051
星野源,14242
Nintendo Sound Team,159467
牛尾憲輔,18392
ササノマリイ,1005027
松田光由,14823
Yosh,12531093
Alys,13808
あよ,29500370
西川貴教,15557
平井 大,14270
悠,12319738
富永TOMMY弘明,139855
Fdby,12095302
麻枝准,14782
はるまきごはん,12175308
rairu,1049315
山岡晃,15871
yutaka hirasaka,15927
増田俊樹,911008
林ゆうき,14202
松田彬人,17432
歌手名字,歌手ID
Aimer,16152
初音ミク,159692
DAOKO,855508
鎖那,1002089
花澤香菜,16456
majiko,191316
MISIA,17032
LiSA,16995
鹿乃,17014
中島美嘉,160729
茅野愛衣,16906
Reol,13059968
小林未郁,16823
梶浦由記,16692
戸松遥,17905
早見沙織,16501
mizuki,981205
Ayasa绚沙,1193188
GUMI,188274
鏡音リン,160154
れをる,990289
KOKIA,16686
花たん,16523
milet,31464106
つじあやの,17637
磯村由紀子,16658
美波,30616560
Reigo_叉叉,12519665
手嶌葵,17904
あいみょん,1053279
水瀬いのり,1004106
木村弓,16874
茶太,17601
春茶,29690148
當山みれい,954456
Gemie,12531080
青山テルマ,16017
中村千尋,12107158
広橋真紀子,16424
v flower,1002040
やなぎなぎ,18303
Uru,12062125
日向文,12467180
東山奈央,18012
ラブリーサマーちゃん,1120193
nameless,1150207
miu-clips,17088
伊藤サチコ,16605
Ms.OOJA,17143
YUI,18168
96猫,18345
鈴木このみ,17881
CHiCO with HoneyWorks,1049332
浜崎あゆみ,16405
Anan Ryoko,16069
雨宮天,932027
三浦透子,32664726
宇多田ヒカル,18122
さユり,1116297
小野リサ,17479
椎名林檎,17635
西野カナ,17313
Celeina Ann,1192441
安田レイ,787220
のぶなが,191321
森永真由美,17227
EVO+,1154015
久保ユリカ,900294
水樹奈々,17028
高橋李依,1120106
羽生まゐご,12741288
miwa,17120
aori,12248031
nayuta,17401
Lia,16993
倉木麻衣,161545
熊太kuma,12428075
豊崎愛生,17966
Orangestar,1072042
ナナヲアカリ,28083218
井口裕香,16625
中島みゆき,17307
辻詩音,17644
+α/あるふぁきゅん。,1050587
中川奈美,1072022
Stack,778009
Lyn,12262949
ななひら,15021
ef,851304
IA,190861
いとうかなこ,16277
小倉唯,17554
前田愛,17122
のみこ,17423
めらみぽっぷ,17207
麗美,17622
ルルティア,17597
水月陵,17249
青木カレン,16010
原田ひとみ,16486
歌手名字,歌手ID
RADWIMPS,21132
V.A.,21138
音乐治疗,896513
ONE OK ROCK,20878
MYTH & ROID,1137126
SawanoHiroyuki[nZk],1096011
ヨルシカ,12390232
ハンバート ハンバート,19678
cinnamons,12603665
evening cinema,12440166
Valentin,22247
いきものがかり,19270
fripSide,19395
EGOIST,19353
King Gnu,12551173
RAM WIRE,21162
Goose house,19618
日语听力,865134
Foxtail-Grass Studio,19481
H△G,996276
S.E.N.S.,21309
Mili,339594
上海アリス幻樂団,15345
ラムジ,21196
ずっと真夜中でいいのに。,15021101
GENERATIONS from EXILE TRIBE,711243
ゴンチチ,20041
amazarashi,18480
End of the World,21463
Falcom Sound Team jdk,19455
SPYAIR,21503
MY FIRST STORY,20689
贵族乐团,958026
supercell,21397
whiteeeen,1051003
REOL,12143052
ヒトリエ,784134
六三四,20545
女王蜂,22492
Roselia,12385096
The Nature Sounds Society Japan,22095
ClariS,18961
Mrs. GREEN APPLE,1087614
7!!,22540
moumoon,20463
嵐,20292
Flower,19446
DEPAPEPE,19107
サカナクション,21377
m.o.v.e,20466
Della,19205
幽閉サテライト,22435
ボイジャー,19873
Kalafina,20032
MONKEY MAJIK,20453
Poppin'Party,12274228
GARNiDELiA,19605
CAGNET,18918
back number,18771
ワルキューレ,161017
みかん箱,20578
放課後ティータイム,161782
M.Graveyard,20579
UVERworld,22300
Official髭男dism,1064050
FictionJunction,19391
MIA,20544
HoneyComeBear,12675383
FLOW,19393
東京事変,21821
Perfume,20965
HoneyWorks,19859
FELT,19460
和楽器バンド,906077
RSP,21140
スピッツ,21308
YUC'e,12054347
SOUL'd OUT,21328
古川本舗,19475
Piano Master,21045
WANDS,22299
Chouchou,857097
XX:me,13222556
ステレオポニー,21314
JABBERLOOP,19997
UPLIFT SPICE,22191
いろのみ,19299
ROOKiEZ is PUNK'D,21192
Sound Horizon,21306
TAMUSIC,21967
GReeeeN,19550
OxT,1080016
The fin.,942028
シド,19970
Canappeco,18879
ANANT-GARDE EYES,11995148
Foorin,28102365
Kiroro,20034
Da-iCE,784192
BEGIN,18707
歌手名字,歌手ID
Zico,160347
July,123825
G-Dragon,123577
俊昊,190319
AEZR,32628542
KCM,124026
CIKI,27889470
SHAUN,1150188
权正烈,1053028
Tiger JK,126600
J_ust,1108042
HYE SUNG,12311110
朴宰范,124542
Code Kunst,1047400
Bonca金柱,31217409
Yiruma,124097
灿烈,1011017
伯贤,1047070
太阳,124831
Loco,124303
龙俊亨,196774
辉星,123641
Giriboy,719006
Damiano,369585
Rain,124593
JIDA,12150055
October,124470
DEAN,1124004
YYKBZ,12268099
MJ,124333
Gary,869001
SUGA,1088131
D.O.,1019321
RM,1044137
郭泰勋,1050538
郑镒勋,1046469
甘雨,124739
PSY,124492
Kid Milli,12046230
Choi Nakta,1137403
Vine,12311326
Crush,711186
李洪基,761018
MC 梦,124311
禹元材,12504056
nafla,1182660
Bizzy,193266
金昌万,123769
黄致列,1087387
Paul Kim,1137437
Turbotronic,124853
Dok2,123416
SAM KIM,905428
Jung Kook,1075078
Mario,124316
Gray,123616
张利贞,868129
金钟国,123748
j-hope,1088128
Jimin,1075080
Aiobahn,1137416
DPR LIVE,12121368
Why,1081889
李文世,124127
The One,124845
赵权,125105
IONE,12068070
Chen,967037
Simon D,124684
柳善皓,12630042
CHANGMO,12009113
有谦,12046879
pH-1,12202125
Young B,12355244
Jami Soul,123813
Tablo,124872
宋旻浩,985011
郑容和,123908
Crepe,123386
V,1088125
Meego,14712122
Cosmic Boy,13974098
Keith Ape,1120063
NO:EL,12551287
Chan,28387497
BamBam,537416
1ho,28391255
DinDin,896176
Sanchez,124729
成始璄,123310
Verbal Jint,124925
吴赫,1054133
Jin,1165036
San E,124730
BOiTELLO,12977715
Swings,124713
田锡万,12080207
张凡俊,991010
kumira,12870750
Nu.D,1032077
歌手名字,歌手ID
IU,160947
ARin,32140406
J.Fla,805090
泫雅,126066
Ailee,125175
宣美,818678
洪真英,125394
白智英,125216
Jinsil,1025248
JENNIE,12061232
尹美莱,126011
敏雅,493780
rosy,12289114
Rachel Lim,12544217
Stella Jang,1054076
李妍智,125549
Punch,1043105
金喜善,203245
Hari,125416
Suran,1081589
Dalda,12107667
Morrie,125762
李宝蓝,125686
Younha,126101
DIA,125296
泰仁,126019
孝琳,818694
모트,12902407
Sugarhate,12090010
Kassy,1137056
EXY,1169002
李贞贤,125616
Blue.D,28085394
蔡妍,125230
Leebada,1075093
太妍,125506
赵贤雅,718007
智妍,896243
李遐怡,181009
MIWOO,1097005
Mi-Yu,1066121
华莎,1050391
Miracle是奇迹呀,34198291
秀智,768284
白娥娟,159634
NS允智,125783
尹恩惠,126099
Sara,125909
Jessi,1050232
youra,15251117
KLANG,12278057
金请夏,12096061
辉人,1081865
CL,768159
Ali,125183
Choco And Vanilla,12108460
白艺潾,1050333
it's,868106
郑恩地,174005
金昭熙,12435065
Hello Gayoung,905373
아인,1054172
Jessica,125527
YUZION,32851006
李仙姬,125623
Cheetah,957145
李珍雅,1032432
Heize,964049
진호,125581
Solar,1081079
Shizuko Mori,1055007
郑仁,126191
JUNI,12074123
Honey Apple,13164297
NAYUL,12463048
Elaine,1015123
朴智敏,827360
Jvcki Wai,12970270
Wendy,896665
Gummy,125351
Risso,1081959
沈圭善,125968
Lovey,809014
天仙咸馅,33371692
翩跹梨兮,31955252
孝敏,956382
Han All,1007067
Hoody,832284
수잔,12388045
Yangpa,125610
星,126061
Bom町,33612582
Who r u?,11975241
申智熏,840012
金艺林,125550
Ben,783299
SUMIN,12007321
朴春,125829
이민정,12487059
昭宥,866090
歌手名字,歌手ID
BTS (防弹少年团),783124
BLACKPINK,12068017
(G)I-DLE,14055085
BIGBANG,126339
Apink,126277
N.Flying,886043
野菊花,128245
SEVENTEEN,1080132
TWICE,1161043
GOT7,881021
Soul Dive,127673
T-ara,127815
High4,905037
脸红的思春期,1039524
레게 강 같은 평화 (RGP),159554
乌龟组合,128028
AOA,126312
ITZY,31155319
PENTAGON,12041119
Dungeon and Fighter,31464841
iKON,1011143
Trouble Maker,161330
EXO,759509
EXID,126721
CLC,1053145
Mamamoo,868006
少女时代,126793
GFRIEND,1046043
4MINUTE,128176
AEZR,34563268
EVERGLOW,31155429
BTOB,126454
MOMOLAND,12170236
hyukoh,1054167
Leessang,127089
10cm,128195
宇宙少女,1193531
SF9,12121227
CNBLUE,126524
TOMORROW X TOGETHER,31154262
高耀太,126797
2PM,128182
DREAMCATCHER,12262562
WINNER,976163
Epik High,126682
Beast,126377
Plastic,896043
Wonder Girls,128048
Standing Egg,127686
OH MY GIRL,1055016
I Am Piano,12080097
자장가,12462253
Rocoberry,916094
EXO-CBX,12155133
DIA,1144034
VERIVERY,30107281
miss A,127210
Prenatal Education Music BEBE,11976084
StudioEIM,11978034
Jannabi,908181
Red Velvet,976157
动物园,126606
DAViCHi,126592
DAY6,1146052
Triple H,12369104
Stray Kids,12647860
屋顶月光,128040
Infinite,126982
Sanulrim,127605
We Are the Night,792757
挪威森林,1019698
2NE1,128177
Groovy Room,12213330
After School,126236
이웃집 꽃순이,12262858
TAIBIAN,830062
FIESTAR,126783
굿나잇스탠드,1192052
Block B - BASTARZ,1060066
Namolla Family,166038
GD X TAEYANG,1032279
七公主,127485
FTISLAND,126737
Stellar,127714
강아지 음악,12474644
青春学概论,1103095
ANS,33013483
015B,128188
Espresso,126696
本月少女,12219101
FAVORITE,12492442
Love Rabbit,975350
B1A4,126409
Lovelyz,1026002
VROMANCE,11995099
VICTON,12170060
GLAM,126862
Sweden Laundry,711257
Wanna One,12506025
骑自行车的风景,127488
